<?xml version="1.0"?>
<data>
	<m4a1>
		<weaponid>7</weaponid>
		<firstdate>2005-09-01</firstdate>
		<lastdate>2005-09-07</lastdate>
		<accuracy>16.53</accuracy>
		<damage>1770967</damage>
		<ffkills>107</ffkills>
		<ffkillspct>0.81</ffkillspct>
		<headshotkills>5937</headshotkills>
		<headshotpct>45.14</headshotpct>
		<hits>52479</hits>
		<kills>13153</kills>
		<deaths>100</deaths>
		<shot_chest>15141</shot_chest>
		<shot_head>7750</shot_head>
		<shot_leftarm>10437</shot_leftarm>
		<shot_leftleg>3517</shot_leftleg>
		<shot_rightarm>4247</shot_rightarm>
		<shot_rightleg>3111</shot_rightleg>
		<shot_stomach>8276</shot_stomach>
		<shots>317450</shots>
		<shotsperkill>24.14</shotsperkill>
		<uniqueid>m4a1</uniqueid>
		<name>Colt M4A1 Carbine</name>
		<skillweight>0.00</skillweight>
		<class>Assult</class>
	</m4a1>
	<ak47>
		<weaponid>11</weaponid>
		<firstdate>2005-09-01</firstdate>
		<lastdate>2005-09-07</lastdate>
		<accuracy>50.40</accuracy>
		<damage>1557739</damage>
		<ffkills>98</ffkills>
		<ffkillspct>0.87</ffkillspct>
		<headshotkills>5077</headshotkills>
		<headshotpct>45.26</headshotpct>
		<hits>38927</hits>
		<kills>11217</kills>
		<shot_chest>9870</shot_chest>
		<shot_head>5592</shot_head>
		<shot_leftarm>7600</shot_leftarm>
		<shot_leftleg>3115</shot_leftleg>
		<shot_rightarm>3156</shot_rightarm>
		<shot_rightleg>2698</shot_rightleg>
		<shot_stomach>6896</shot_stomach>
		<shots>223665</shots>
		<shotsperkill>19.94</shotsperkill>
		<uniqueid>ak47</uniqueid>
		<name>AK-47</name>
		<skillweight>0.00</skillweight>
		<class>Assult</class>
	</ak47>
	<awp>
		<weaponid>4</weaponid>
		<firstdate>2005-09-01</firstdate>
		<lastdate>2005-09-07</lastdate>
		<accuracy>75.61</accuracy>
		<damage>1006842</damage>
		<ffkills>34</ffkills>
		<ffkillspct>0.54</ffkillspct>
		<headshotkills>817</headshotkills>
		<headshotpct>12.97</headshotpct>
		<hits>7219</hits>
		<kills>6298</kills>
		<shot_chest>2199</shot_chest>
		<shot_head>840</shot_head>
		<shot_leftarm>1984</shot_leftarm>
		<shot_leftleg>287</shot_leftleg>
		<shot_rightarm>584</shot_rightarm>
		<shot_rightleg>247</shot_rightleg>
		<shot_stomach>1078</shot_stomach>
		<shots>18224</shots>
		<shotsperkill>2.89</shotsperkill>
		<uniqueid>awp</uniqueid>
		<name>AI Arctic Warfare Magnum</name>
		<skillweight>0.00</skillweight>
		<class>Sniper</class>
	</awp>
	<deagle>
		<weaponid>1</weaponid>
		<firstdate>2005-09-01</firstdate>
		<lastdate>2005-09-07</lastdate>
		<accuracy>22.07</accuracy>
		<damage>686304</damage>
		<ffkills>35</ffkills>
		<ffkillspct>0.80</ffkillspct>
		<headshotkills>1807</headshotkills>
		<headshotpct>41.22</headshotpct>
		<hits>14033</hits>
		<kills>4384</kills>
		<shot_chest>4074</shot_chest>
		<shot_head>1999</shot_head>
		<shot_leftarm>2824</shot_leftarm>
		<shot_leftleg>879</shot_leftleg>
		<shot_rightarm>1239</shot_rightarm>
		<shot_rightleg>771</shot_rightleg>
		<shot_stomach>2247</shot_stomach>
		<shots>63594</shots>
		<shotsperkill>14.51</shotsperkill>
		<uniqueid>deagle</uniqueid>
		<name>Desert Eagle .50AE</name>
		<skillweight>0.00</skillweight>
		<class>Pistol</class>
	</deagle>
	<usp>
		<weaponid>2</weaponid>
		<firstdate>2005-09-01</firstdate>
		<lastdate>2005-09-07</lastdate>
		<accuracy>16.52</accuracy>
		<damage>223810</damage>
		<ffkills>5</ffkills>
		<ffkillspct>0.31</ffkillspct>
		<headshotkills>783</headshotkills>
		<headshotpct>48.48</headshotpct>
		<hits>8172</hits>
		<kills>1615</kills>
		<shot_chest>2481</shot_chest>
		<shot_head>1250</shot_head>
		<shot_leftarm>1626</shot_leftarm>
		<shot_leftleg>435</shot_leftleg>
		<shot_rightarm>732</shot_rightarm>
		<shot_rightleg>387</shot_rightleg>
		<shot_stomach>1261</shot_stomach>
		<shots>49456</shots>
		<shotsperkill>30.62</shotsperkill>
		<uniqueid>usp</uniqueid>
		<name>H&amp;K USP .45 Tactical</name>
		<skillweight>0.00</skillweight>
		<class>Pistol</class>
	</usp>
	<m3>
		<weaponid>19</weaponid>
		<firstdate>2005-09-01</firstdate>
		<lastdate>2005-09-07</lastdate>
		<accuracy>129.33</accuracy>
		<damage>180546</damage>
		<ffkills>13</ffkills>
		<ffkillspct>0.94</ffkillspct>
		<headshotkills>477</headshotkills>
		<headshotpct>34.62</headshotpct>
		<hits>10164</hits>
		<kills>1378</kills>
		<shot_chest>2661</shot_chest>
		<shot_head>1175</shot_head>
		<shot_leftarm>1822</shot_leftarm>
		<shot_leftleg>947</shot_leftleg>
		<shot_rightarm>860</shot_rightarm>
		<shot_rightleg>954</shot_rightleg>
		<shot_stomach>1745</shot_stomach>
		<shots>7859</shots>
		<shotsperkill>5.70</shotsperkill>
		<uniqueid>m3</uniqueid>
		<name>Benelli M3 Super90</name>
		<skillweight>0.00</skillweight>
		<class>Shotgun</class>
	</m3>
	<mp5navy>
		<weaponid>8</weaponid>
		<firstdate>2005-09-01</firstdate>
		<lastdate>2005-09-07</lastdate>
		<accuracy>17.60</accuracy>
		<damage>150667</damage>
		<ffkills>14</ffkills>
		<ffkillspct>1.29</ffkillspct>
		<headshotkills>463</headshotkills>
		<headshotpct>42.59</headshotpct>
		<hits>8322</hits>
		<kills>1087</kills>
		<shot_chest>2283</shot_chest>
		<shot_head>1108</shot_head>
		<shot_leftarm>1613</shot_leftarm>
		<shot_leftleg>643</shot_leftleg>
		<shot_rightarm>705</shot_rightarm>
		<shot_rightleg>556</shot_rightleg>
		<shot_stomach>1414</shot_stomach>
		<shots>47272</shots>
		<shotsperkill>43.49</shotsperkill>
		<uniqueid>mp5navy</uniqueid>
		<name>H&amp;K MP5-Navy</name>
		<skillweight>0.00</skillweight>
		<class>Submachine Gun</class>
	</mp5navy>
	<galil>
		<weaponid>9</weaponid>
		<firstdate>2005-09-01</firstdate>
		<lastdate>2005-09-07</lastdate>
		<accuracy>13.30</accuracy>
		<damage>154261</damage>
		<ffkills>13</ffkills>
		<ffkillspct>1.24</ffkillspct>
		<headshotkills>477</headshotkills>
		<headshotpct>45.39</headshotpct>
		<hits>4750</hits>
		<kills>1051</kills>
		<shot_chest>1206</shot_chest>
		<shot_head>665</shot_head>
		<shot_leftarm>911</shot_leftarm>
		<shot_leftleg>381</shot_leftleg>
		<shot_rightarm>414</shot_rightarm>
		<shot_rightleg>337</shot_rightleg>
		<shot_stomach>836</shot_stomach>
		<shots>35703</shots>
		<shotsperkill>33.97</shotsperkill>
		<uniqueid>galil</uniqueid>
		<name>IDF Defender</name>
		<skillweight>0.00</skillweight>
		<class>Assult</class>
	</galil>
	<hegrenade>
		<weaponid>10</weaponid>
		<firstdate>2005-09-01</firstdate>
		<lastdate>2005-09-07</lastdate>
		<accuracy>51.32</accuracy>
		<damage>261378</damage>
		<ffkills>80</ffkills>
		<ffkillspct>9.67</ffkillspct>
		<headshotkills>0</headshotkills>
		<headshotpct>0.00</headshotpct>
		<hits>8141</hits>
		<kills>827</kills>
		<shot_chest>0</shot_chest>
		<shot_head>0</shot_head>
		<shot_leftarm>0</shot_leftarm>
		<shot_leftleg>0</shot_leftleg>
		<shot_rightarm>0</shot_rightarm>
		<shot_rightleg>0</shot_rightleg>
		<shot_stomach>0</shot_stomach>
		<shots>15862</shots>
		<shotsperkill>19.18</shotsperkill>
		<uniqueid>hegrenade</uniqueid>
		<name>High Explosive Grenade</name>
		<skillweight>0.00</skillweight>
		<class>Thrown</class>
	</hegrenade>
	<sg552>
		<weaponid>14</weaponid>
		<firstdate>2005-09-01</firstdate>
		<lastdate>2005-09-07</lastdate>
		<accuracy>17.06</accuracy>
		<damage>111437</damage>
		<ffkills>12</ffkills>
		<ffkillspct>1.49</ffkillspct>
		<headshotkills>331</headshotkills>
		<headshotpct>41.12</headshotpct>
		<hits>3331</hits>
		<kills>805</kills>
		<shot_chest>880</shot_chest>
		<shot_head>480</shot_head>
		<shot_leftarm>706</shot_leftarm>
		<shot_leftleg>258</shot_leftleg>
		<shot_rightarm>257</shot_rightarm>
		<shot_rightleg>234</shot_rightleg>
		<shot_stomach>516</shot_stomach>
		<shots>19530</shots>
		<shotsperkill>24.26</shotsperkill>
		<uniqueid>sg552</uniqueid>
		<name>Sig SG-552 Commando</name>
		<skillweight>0.00</skillweight>
		<class>Assult</class>
	</sg552>
	<famas>
		<weaponid>23</weaponid>
		<firstdate>2005-09-01</firstdate>
		<lastdate>2005-09-07</lastdate>
		<accuracy>19.34</accuracy>
		<damage>102549</damage>
		<ffkills>8</ffkills>
		<ffkillspct>1.06</ffkillspct>
		<headshotkills>334</headshotkills>
		<headshotpct>44.18</headshotpct>
		<hits>3467</hits>
		<kills>756</kills>
		<shot_chest>983</shot_chest>
		<shot_head>501</shot_head>
		<shot_leftarm>684</shot_leftarm>
		<shot_leftleg>247</shot_leftleg>
		<shot_rightarm>247</shot_rightarm>
		<shot_rightleg>207</shot_rightleg>
		<shot_stomach>598</shot_stomach>
		<shots>17925</shots>
		<shotsperkill>23.71</shotsperkill>
		<uniqueid>famas</uniqueid>
		<name>Clarion 5.56</name>
		<skillweight>0.00</skillweight>
		<class>Rifle</class>
	</famas>
	<glock>
		<weaponid>3</weaponid>
		<firstdate>2005-09-01</firstdate>
		<lastdate>2005-09-07</lastdate>
		<accuracy>14.92</accuracy>
		<damage>98257</damage>
		<ffkills>6</ffkills>
		<ffkillspct>0.87</ffkillspct>
		<headshotkills>378</headshotkills>
		<headshotpct>54.86</headshotpct>
		<hits>4702</hits>
		<kills>689</kills>
		<shot_chest>1278</shot_chest>
		<shot_head>883</shot_head>
		<shot_leftarm>959</shot_leftarm>
		<shot_leftleg>241</shot_leftleg>
		<shot_rightarm>471</shot_rightarm>
		<shot_rightleg>225</shot_rightleg>
		<shot_stomach>645</shot_stomach>
		<shots>31507</shots>
		<shotsperkill>45.73</shotsperkill>
		<uniqueid>glock</uniqueid>
		<name>Glock18 Select Fire</name>
		<skillweight>0.00</skillweight>
		<class>Pistol</class>
	</glock>
	<tmp>
		<weaponid>16</weaponid>
		<firstdate>2005-09-01</firstdate>
		<lastdate>2005-09-07</lastdate>
		<accuracy>16.01</accuracy>
		<damage>94513</damage>
		<ffkills>4</ffkills>
		<ffkillspct>0.61</ffkillspct>
		<headshotkills>344</headshotkills>
		<headshotpct>52.12</headshotpct>
		<hits>4684</hits>
		<kills>660</kills>
		<shot_chest>1481</shot_chest>
		<shot_head>770</shot_head>
		<shot_leftarm>862</shot_leftarm>
		<shot_leftleg>257</shot_leftleg>
		<shot_rightarm>392</shot_rightarm>
		<shot_rightleg>252</shot_rightleg>
		<shot_stomach>670</shot_stomach>
		<shots>29248</shots>
		<shotsperkill>44.32</shotsperkill>
		<uniqueid>tmp</uniqueid>
		<name>Steyr Tactical Machine Pistol</name>
		<skillweight>0.00</skillweight>
		<class>Submachine Gun</class>
	</tmp>
	<aug>
		<weaponid>26</weaponid>
		<firstdate>2005-09-01</firstdate>
		<lastdate>2005-09-07</lastdate>
		<accuracy>17.50</accuracy>
		<damage>72069</damage>
		<ffkills>4</ffkills>
		<ffkillspct>0.75</ffkillspct>
		<headshotkills>228</headshotkills>
		<headshotpct>42.62</headshotpct>
		<hits>2288</hits>
		<kills>535</kills>
		<shot_chest>634</shot_chest>
		<shot_head>329</shot_head>
		<shot_leftarm>444</shot_leftarm>
		<shot_leftleg>157</shot_leftleg>
		<shot_rightarm>192</shot_rightarm>
		<shot_rightleg>149</shot_rightleg>
		<shot_stomach>383</shot_stomach>
		<shots>13076</shots>
		<shotsperkill>24.44</shotsperkill>
		<uniqueid>aug</uniqueid>
		<name>Steyr Aug</name>
		<skillweight>0.00</skillweight>
		<class>Assult</class>
	</aug>
	<xm1014>
		<weaponid>20</weaponid>
		<firstdate>2005-09-01</firstdate>
		<lastdate>2005-09-07</lastdate>
		<accuracy>69.31</accuracy>
		<damage>57289</damage>
		<ffkills>7</ffkills>
		<ffkillspct>1.51</ffkillspct>
		<headshotkills>155</headshotkills>
		<headshotpct>33.41</headshotpct>
		<hits>3475</hits>
		<kills>464</kills>
		<shot_chest>802</shot_chest>
		<shot_head>390</shot_head>
		<shot_leftarm>569</shot_leftarm>
		<shot_leftleg>430</shot_leftleg>
		<shot_rightarm>280</shot_rightarm>
		<shot_rightleg>391</shot_rightleg>
		<shot_stomach>613</shot_stomach>
		<shots>5014</shots>
		<shotsperkill>10.81</shotsperkill>
		<uniqueid>xm1014</uniqueid>
		<name>Benelli XM1014</name>
		<skillweight>0.00</skillweight>
		<class>Shotgun</class>
	</xm1014>
	<p90>
		<weaponid>22</weaponid>
		<firstdate>2005-09-01</firstdate>
		<lastdate>2005-09-07</lastdate>
		<accuracy>16.24</accuracy>
		<damage>60355</damage>
		<ffkills>4</ffkills>
		<ffkillspct>0.92</ffkillspct>
		<headshotkills>169</headshotkills>
		<headshotpct>38.85</headshotpct>
		<hits>2605</hits>
		<kills>435</kills>
		<shot_chest>690</shot_chest>
		<shot_head>289</shot_head>
		<shot_leftarm>479</shot_leftarm>
		<shot_leftleg>240</shot_leftleg>
		<shot_rightarm>195</shot_rightarm>
		<shot_rightleg>211</shot_rightleg>
		<shot_stomach>501</shot_stomach>
		<shots>16044</shots>
		<shotsperkill>36.88</shotsperkill>
		<uniqueid>p90</uniqueid>
		<name>FN P90</name>
		<skillweight>0.00</skillweight>
		<class>Submachine Gun</class>
	</p90>
	<sg550>
		<weaponid>12</weaponid>
		<firstdate>2005-09-01</firstdate>
		<lastdate>2005-09-07</lastdate>
		<accuracy>17.46</accuracy>
		<damage>57068</damage>
		<ffkills>5</ffkills>
		<ffkillspct>1.48</ffkillspct>
		<headshotkills>90</headshotkills>
		<headshotpct>26.63</headshotpct>
		<hits>887</hits>
		<kills>338</kills>
		<shot_chest>243</shot_chest>
		<shot_head>101</shot_head>
		<shot_leftarm>184</shot_leftarm>
		<shot_leftleg>65</shot_leftleg>
		<shot_rightarm>66</shot_rightarm>
		<shot_rightleg>61</shot_rightleg>
		<shot_stomach>167</shot_stomach>
		<shots>5080</shots>
		<shotsperkill>15.03</shotsperkill>
		<uniqueid>sg550</uniqueid>
		<name>Sig SG-550 Sniper</name>
		<skillweight>0.00</skillweight>
		<class>Sniper</class>
	</sg550>
	<scout>
		<weaponid>17</weaponid>
		<firstdate>2005-09-01</firstdate>
		<lastdate>2005-09-07</lastdate>
		<accuracy>36.16</accuracy>
		<damage>49523</damage>
		<ffkills>3</ffkills>
		<ffkillspct>1.36</ffkillspct>
		<headshotkills>85</headshotkills>
		<headshotpct>38.64</headshotpct>
		<hits>606</hits>
		<kills>220</kills>
		<shot_chest>207</shot_chest>
		<shot_head>87</shot_head>
		<shot_leftarm>134</shot_leftarm>
		<shot_leftleg>21</shot_leftleg>
		<shot_rightarm>47</shot_rightarm>
		<shot_rightleg>23</shot_rightleg>
		<shot_stomach>87</shot_stomach>
		<shots>1676</shots>
		<shotsperkill>7.62</shotsperkill>
		<uniqueid>scout</uniqueid>
		<name>Steyr Scout</name>
		<skillweight>0.00</skillweight>
		<class>Sniper</class>
	</scout>
	<knife>
		<weaponid>15</weaponid>
		<firstdate>2005-09-01</firstdate>
		<lastdate>2005-09-07</lastdate>
		<accuracy>9.12</accuracy>
		<damage>28850</damage>
		<ffkills>4</ffkills>
		<ffkillspct>1.83</ffkillspct>
		<headshotkills>0</headshotkills>
		<headshotpct>0.00</headshotpct>
		<hits>574</hits>
		<kills>219</kills>
		<shot_chest>0</shot_chest>
		<shot_head>0</shot_head>
		<shot_leftarm>0</shot_leftarm>
		<shot_leftleg>0</shot_leftleg>
		<shot_rightarm>0</shot_rightarm>
		<shot_rightleg>0</shot_rightleg>
		<shot_stomach>0</shot_stomach>
		<shots>6293</shots>
		<shotsperkill>28.74</shotsperkill>
		<uniqueid>knife</uniqueid>
		<name>Knife</name>
		<skillweight>0.00</skillweight>
		<class>Melee</class>
	</knife>
	<g3sg1>
		<weaponid>13</weaponid>
		<firstdate>2005-09-01</firstdate>
		<lastdate>2005-09-07</lastdate>
		<accuracy>17.66</accuracy>
		<damage>39281</damage>
		<ffkills>1</ffkills>
		<ffkillspct>0.46</ffkillspct>
		<headshotkills>42</headshotkills>
		<headshotpct>19.44</headshotpct>
		<hits>500</hits>
		<kills>216</kills>
		<shot_chest>128</shot_chest>
		<shot_head>47</shot_head>
		<shot_leftarm>91</shot_leftarm>
		<shot_leftleg>48</shot_leftleg>
		<shot_rightarm>38</shot_rightarm>
		<shot_rightleg>37</shot_rightleg>
		<shot_stomach>111</shot_stomach>
		<shots>2832</shots>
		<shotsperkill>13.11</shotsperkill>
		<uniqueid>g3sg1</uniqueid>
		<name>H&amp;K G3/SG-1 Sniper Rifle</name>
		<skillweight>0.00</skillweight>
		<class>Sniper</class>
	</g3sg1>
	<m249>
		<weaponid>24</weaponid>
		<firstdate>2005-09-01</firstdate>
		<lastdate>2005-09-07</lastdate>
		<accuracy>8.09</accuracy>
		<damage>17557</damage>
		<ffkills>2</ffkills>
		<ffkillspct>1.49</ffkillspct>
		<headshotkills>67</headshotkills>
		<headshotpct>50.00</headshotpct>
		<hits>482</hits>
		<kills>134</kills>
		<shot_chest>117</shot_chest>
		<shot_head>86</shot_head>
		<shot_leftarm>95</shot_leftarm>
		<shot_leftleg>40</shot_leftleg>
		<shot_rightarm>30</shot_rightarm>
		<shot_rightleg>37</shot_rightleg>
		<shot_stomach>77</shot_stomach>
		<shots>5959</shots>
		<shotsperkill>44.47</shotsperkill>
		<uniqueid>m249</uniqueid>
		<name>FN M249 Para</name>
		<skillweight>0.00</skillweight>
		<class>Machine Gun</class>
	</m249>
	<elite>
		<weaponid>21</weaponid>
		<firstdate>2005-09-01</firstdate>
		<lastdate>2005-09-07</lastdate>
		<accuracy>8.70</accuracy>
		<damage>14889</damage>
		<ffkills>0</ffkills>
		<ffkillspct>0.00</ffkillspct>
		<headshotkills>48</headshotkills>
		<headshotpct>50.53</headshotpct>
		<hits>595</hits>
		<kills>95</kills>
		<shot_chest>150</shot_chest>
		<shot_head>83</shot_head>
		<shot_leftarm>132</shot_leftarm>
		<shot_leftleg>44</shot_leftleg>
		<shot_rightarm>50</shot_rightarm>
		<shot_rightleg>44</shot_rightleg>
		<shot_stomach>92</shot_stomach>
		<shots>6842</shots>
		<shotsperkill>72.02</shotsperkill>
		<uniqueid>elite</uniqueid>
		<name>Dual Beretta 96G Elite</name>
		<skillweight>0.00</skillweight>
		<class>Pistol</class>
	</elite>
	<mac10>
		<weaponid>6</weaponid>
		<firstdate>2005-09-01</firstdate>
		<lastdate>2005-09-07</lastdate>
		<accuracy>14.12</accuracy>
		<damage>14988</damage>
		<ffkills>0</ffkills>
		<ffkillspct>0.00</ffkillspct>
		<headshotkills>51</headshotkills>
		<headshotpct>54.84</headshotpct>
		<hits>672</hits>
		<kills>93</kills>
		<shot_chest>167</shot_chest>
		<shot_head>117</shot_head>
		<shot_leftarm>125</shot_leftarm>
		<shot_leftleg>45</shot_leftleg>
		<shot_rightarm>56</shot_rightarm>
		<shot_rightleg>51</shot_rightleg>
		<shot_stomach>111</shot_stomach>
		<shots>4759</shots>
		<shotsperkill>51.17</shotsperkill>
		<uniqueid>mac10</uniqueid>
		<name>Ingram MAC-10</name>
		<skillweight>0.00</skillweight>
		<class>Submachine Gun</class>
	</mac10>
	<fiveseven>
		<weaponid>18</weaponid>
		<firstdate>2005-09-01</firstdate>
		<lastdate>2005-09-07</lastdate>
		<accuracy>16.54</accuracy>
		<damage>8739</damage>
		<ffkills>1</ffkills>
		<ffkillspct>1.61</ffkillspct>
		<headshotkills>27</headshotkills>
		<headshotpct>43.55</headshotpct>
		<hits>412</hits>
		<kills>62</kills>
		<shot_chest>120</shot_chest>
		<shot_head>66</shot_head>
		<shot_leftarm>80</shot_leftarm>
		<shot_leftleg>24</shot_leftleg>
		<shot_rightarm>40</shot_rightarm>
		<shot_rightleg>16</shot_rightleg>
		<shot_stomach>66</shot_stomach>
		<shots>2491</shots>
		<shotsperkill>40.18</shotsperkill>
		<uniqueid>fiveseven</uniqueid>
		<name>FN Five-Seven</name>
		<skillweight>0.00</skillweight>
		<class>Pistol</class>
	</fiveseven>
	<p228>
		<weaponid>5</weaponid>
		<firstdate>2005-09-01</firstdate>
		<lastdate>2005-09-07</lastdate>
		<accuracy>14.12</accuracy>
		<damage>8120</damage>
		<ffkills>0</ffkills>
		<ffkillspct>0.00</ffkillspct>
		<headshotkills>17</headshotkills>
		<headshotpct>30.36</headshotpct>
		<hits>340</hits>
		<kills>56</kills>
		<shot_chest>94</shot_chest>
		<shot_head>27</shot_head>
		<shot_leftarm>75</shot_leftarm>
		<shot_leftleg>30</shot_leftleg>
		<shot_rightarm>33</shot_rightarm>
		<shot_rightleg>15</shot_rightleg>
		<shot_stomach>66</shot_stomach>
		<shots>2408</shots>
		<shotsperkill>43.00</shotsperkill>
		<uniqueid>p228</uniqueid>
		<name>SIG P228</name>
		<skillweight>0.00</skillweight>
		<class>Pistol</class>
	</p228>
	<ump45>
		<weaponid>25</weaponid>
		<firstdate>2005-09-01</firstdate>
		<lastdate>2005-09-07</lastdate>
		<accuracy>18.70</accuracy>
		<damage>7285</damage>
		<ffkills>0</ffkills>
		<ffkillspct>0.00</ffkillspct>
		<headshotkills>17</headshotkills>
		<headshotpct>34.00</headshotpct>
		<hits>401</hits>
		<kills>50</kills>
		<shot_chest>94</shot_chest>
		<shot_head>35</shot_head>
		<shot_leftarm>76</shot_leftarm>
		<shot_leftleg>37</shot_leftleg>
		<shot_rightarm>39</shot_rightarm>
		<shot_rightleg>25</shot_rightleg>
		<shot_stomach>95</shot_stomach>
		<shots>2144</shots>
		<shotsperkill>42.88</shotsperkill>
		<uniqueid>ump45</uniqueid>
		<name>H&amp;K UMP45</name>
		<skillweight>0.00</skillweight>
		<class>Submachine Gun</class>
	</ump45>
</data>